index,published,keyword,domain,language,valid,title,description,url,image,archive,content,quote,de,en,la,added
1be453eed1ce10f49d62c127a10c1c98,2026-08-01T05:39:00Z,'Niedrigwasser',www.focus.de,de,0.9,Niedrigwasser legt Nazi-Wracks in Donau frei - Bergung bleibt weiterhin riskant,"Sinkende Pegel am Donau-Abschnitt bei Prahovo legen NS-Kriegsschiffe frei. Die EU lässt 21 Wracks bergen, weil sie Schifffahrt behindern und gefährlich bleiben.",https://www.focus.de/politik/ausland/niedrigwasser-legt-nazi-wracks-in-donau-frei-bergung-bleibt-weiterhin-riskant_53deafa7-d2a2-408f-ae88-2ba524097fe1.html,"https://quadro.burda-forward.de/ctf/5a99e1f9-17fa-41bc-86bc-7322b9fb7415.e60e2483-b3cd-480c-a71e-a07f852b6882.jpg?im=RegionOfInterestCrop=(1200,630),regionOfInterest=(2132,1292)&hash=85e9b9a6a96b0dd04602334ce1676f0eb1acc1a1ed3b178768861ed646062247",,Am Donau-Abschnitt bei Prahovo im Osten Serbiens tauchen wegen anhaltender Hitze und sinkender Wasserstände erneut Relikte aus dem Zweiten Weltkrieg auf. Sichtbar werden dabei zahlreiche Wracks deuts… [+2448 chars],,"Niedrigwasser legt Nazi-Wracks in Donau frei - Bergung bleibt weiterhin riskant. Sinkende Pegel am Donau-Abschnitt bei Prahovo legen NS-Kriegsschiffe frei. Die EU lässt 21 Wracks bergen, weil sie Schifffahrt behindern und gefährlich bleiben.",Low water exposes Nazi wreckage in Danube - salvage remains risky. Falling water levels on the Danube section near Prahovo expose Nazi warships. The EU is having 21 wrecks salvaged because they hinder shipping and remain dangerous.,Humilis aqua naufragia Nazi in Danubio exponit - salvagium manet periculosum. Gradus aquae cadentes in sectione Danubio prope Prahovo naves longas Rolandus exponunt. UE naufragia 21 salvari habet quod naves impediunt et periculosa manent.,2026-08-02 21:03:10+00:00
491354e9e1bfd83305c1d7f78ff15c7e,2026-08-01T09:17:42Z,'Niedrigwasser',www.n-tv.de,de,0.9,"Zahlen Verbraucher die Zeche?: Niedrigwasser von Rhein, Donau und Elbe ist Wirtschaftskiller","Deutschlands großen Flüssen Rhein, Elbe und Donau fehlt Wasser. Am Wochenende sind neue Tiefststände wahrscheinlich. Besserung ist vorerst nicht in Sicht. Trockenheit, Sandbänke und Engstellen belasten die Wirtschaft. Ein Überblick.",https://www.n-tv.de/wirtschaft/Niedrigwasser-von-Rhein-Donau-und-Elbe-ist-Wirtschaftskiller-id31148701.html,https://www.n-tv.de/img/31148697/1785580256/Img_16_9/1200/Rhein-bei-Emmerich-extremes-Niedrigwasser-Rheinpegel-bei-5-cm-Tendenz-fallend-Frachtschiffe-muessen-mit-z-T.jpg,http://web.archive.org/web/20260801211738/https://www.n-tv.de/wirtschaft/Niedrigwasser-von-Rhein-Donau-und-Elbe-ist-Wirtschaftskiller-id31148701.html,"Der Rhein bei Emmerich: Frachtschiffe dürfen partiell nur mit 30 Prozent der üblichen Ladung fahren, um nicht auf Grund zu laufen. (Foto: picture alliance / Jochen Tack)
Deutschlands großen Flüssen … [+5683 chars]",,"Zahlen Verbraucher die Zeche?: Niedrigwasser von Rhein, Donau und Elbe ist Wirtschaftskiller. Deutschlands großen Flüssen Rhein, Elbe und Donau fehlt Wasser. Am Wochenende sind neue Tiefststände wahrscheinlich. Besserung ist vorerst nicht in Sicht. Trockenheit, Sandbänke und Engstellen belasten die Wirtschaft. Ein Überblick.","Consumers pay the bill?: Low water levels in the Rhine, Danube and Elbe are an economic killer. Germany's major rivers Rhine, Elbe and Danube are lacking water. New lows are likely this weekend. There is no improvement in sight for the time being. Drought, sandbanks and bottlenecks are putting a strain on the economy. An overview.","Consumentes libellum solvunt?: Gradus aquae inferioris Rheni, Danubii et Albis occisor oeconomicus sunt. Maiores Germaniae fluvii Rhenus, Albis et Danuvius aqua carent. Novum mugit verisimile hoc weekend. Pro tempore existente emendatio nulla est. Siccitas, syrtes et ampullae in oeconomia iactant. Meditatio.",2026-08-02 21:03:10+00:00
05db06473ebf4caa589c2ffdbdbe8041,2026-08-01T05:16:55Z,'Blüte',www.welt.de,de,0.9,"Morgens weiblich, abends männlich – Forscher lösen Rätsel der intergeschlechtlichen Avocado",Die Avocado zählt zu den weltweit ungewöhnlichsten Obstpflanzen: Ihre Blüten wechseln im Laufe des Tages ihr Geschlecht. Forscher lüfteten nun das Geheimnis hinter diesem ungewöhnlichen Rhythmus.,https://www.welt.de/wissenschaft/article6a6b036cdd06dd5ef2e3f190/morgens-weiblich-abends-maennlich-forscher-loesen-raetsel-der-intergeschlechtlichen-avocado.html,https://images.welt.de/6a6b036cdd06dd5ef2e3f190/3f7f85bfae882883403e990dafbab81a/ci16x9-w1200/gettyimages-1136225040-1-jpg,,Die Avocado zählt zu den weltweit ungewöhnlichsten Obstpflanzen: Ihre Blüten wechseln im Laufe des Tages ihr Geschlecht. Forscher lüfteten nun das Geheimnis hinter diesem ungewöhnlichen Rhythmus.Die … [+2898 chars],,"Morgens weiblich, abends männlich – Forscher lösen Rätsel der intergeschlechtlichen Avocado. Die Avocado zählt zu den weltweit ungewöhnlichsten Obstpflanzen: Ihre Blüten wechseln im Laufe des Tages ihr Geschlecht. Forscher lüfteten nun das Geheimnis hinter diesem ungewöhnlichen Rhythmus.","Female in the morning, male in the evening – researchers solve the puzzle of the intersex avocado. The avocado is one of the world's most unusual fruit plants: its flowers change gender throughout the day. Researchers have now revealed the secret behind this unusual rhythm.","Femina mane, mas vesperi - investigatores aenigma intersex avocado solvunt. Avocado unus est rarissimus fructus plantarum mundi: flores eius per diem sexum mutant. Nunc investigatores secretum hunc modulum insolitum revelaverunt.",2026-08-03 08:35:35+00:00
bdbee4fd196bfcc03fae5f3df0b0ea5d,2026-08-01T15:35:16Z,'Blüte',salzburg.orf.at,de,0.9,Jakobskreuzkraut vergiftet Futterheu,"Innergebirg breitet sich ein giftiges Unkraut aus, das Bauern große Probleme bereiten kann – das sehr widerstandsfähige Jakobskreuzkraut. Die Trockenheit fördert die Ausbreitung dieser Pflanze mit gelben Blüten, die bis zu einem Meter hoch werden kann.",https://salzburg.orf.at/stories/3365177/,https://ibs.orf.at/sbg?image=https%3A%2F%2Foekastatic.orf.at%2Fmims%2F2026%2F31%2F80%2Fcrops%2Fw%3D1200%2Ch%3D627%2Cq%3D75%2F3134509_master_1214980_seneciojacobaeajacobaea.jpg%3Fs%3Db63bb4f1bd373ce493178b42c3df0519c3f95f00,,"Für Nutztiere ist das Kraut hochgiftig. Gerade auf Wiesen, die aus Gründen des Umweltschutzes seltener gemäht werden, kann sich das Jakobskreuzkraut bestens ausbreiten.
Tiere vergiften sich über Heu… [+1645 chars]",,"Jakobskreuzkraut vergiftet Futterheu. Innergebirg breitet sich ein giftiges Unkraut aus, das Bauern große Probleme bereiten kann – das sehr widerstandsfähige Jakobskreuzkraut. Die Trockenheit fördert die Ausbreitung dieser Pflanze mit gelben Blüten, die bis zu einem Meter hoch werden kann.",Ragwort poisons fodder hay. A poisonous weed is spreading in the inner mountains that can cause major problems for farmers - the very resistant ragwort. The drought encourages the spread of this plant with yellow flowers that can grow up to one meter high.,Venena pabula pabula feni. Viriditas venenata in montibus interioribus disseminat quae magnas difficultates agricolis causare potest - valde resistens ragwort. Siccitas huius plantae propagationem fovet floribus luteis qui ad unum metrum altum crescere possunt.,2026-08-03 08:35:35+00:00
d0b5f48fb43fe0a82860f3a26ca7b118,2026-08-03T09:55:06Z,'Ernte',www.n-tv.de,de,0.9,Hohe Ernte-Rückgänge berechnet: Klimawandel bedroht dieses Grundnahrungsmittel stärker als gedacht,Reis ernährt einen Großteil der Weltbevölkerung. Doch das Getreide ist anfällig für extreme Hitze. Diesen Effekt der Erderwärmung unterschätzen bisherige Modelle. Das könnte Folgen für die Verfügbarkeit des Nahrungsmittels haben.,https://www.n-tv.de/wissen/Klimawandel-bedroht-dieses-Grundnahrungsmittel-staerker-als-gedacht-id31152297.html,https://www.n-tv.de/img/31152330/1785748497/Img_16_9/1200/Luftaufnahme-Reisterrassen-waehrend-dem-Setzen-des-neuen-frischgruenen-Reises-der-neuen-frischgruenen-Reisetzlinge-bei-Mu-Cang-Ch-i-Mu-Cang-Chai-District-Lao-Cai-province-Nordvietnam-Vietnam.jpg,http://web.archive.org/web/20260804030836/https://www.n-tv.de/wissen/Klimawandel-bedroht-dieses-Grundnahrungsmittel-staerker-als-gedacht-id31152297.html,"Forschenden zufolge ist der Reisanbau stärker vom Klimawandel betroffen als bislang angenommen. (Foto: picture alliance / imageBROKER)
Reis ernährt einen Großteil der Weltbevölkerung. Doch das Getre… [+3619 chars]",,Hohe Ernte-Rückgänge berechnet: Klimawandel bedroht dieses Grundnahrungsmittel stärker als gedacht. Reis ernährt einen Großteil der Weltbevölkerung. Doch das Getreide ist anfällig für extreme Hitze. Diesen Effekt der Erderwärmung unterschätzen bisherige Modelle. Das könnte Folgen für die Verfügbarkeit des Nahrungsmittels haben.,High harvest declines calculated: Climate change threatens this staple food more than expected. Rice feeds a large part of the world's population. But the grain is vulnerable to extreme heat. Previous models underestimate this effect of global warming. This could have consequences for the availability of the food.,Alta messis decrescit computata: Clima mutatio huic stapulae cibum magis quam expectata minatur. Oryza magnam partem incolarum mundi pascit. Sed granum vulnerabile est ad calorem maximum. Exempla priora hunc effectum calefactionis globalis minoris aestimant. Hoc consequi potuit pro cibo promptitudinis.,2026-08-04 16:58:21+00:00
64de8cfedbbeacb0aabb9d7831fea29b,2026-08-01T03:30:06Z,'Niedrigwasser',www.zeit.de,de,0.9,Schifffahrt in Krisenzeiten: Wie das Niedrigwasser der Wirtschaft zusetzt,Hier finden Sie Informationen zu dem Thema „Schifffahrt in Krisenzeiten“. Lesen Sie jetzt „Wie das Niedrigwasser der Wirtschaft zusetzt“.,https://www.zeit.de/news/2026-08/01/wie-das-niedrigwasser-der-wirtschaft-zusetzt,https://img.zeit.de/news/2026-08/01/wie-das-niedrigwasser-der-wirtschaft-zusetzt-image-group/wide__1300x731,http://web.archive.org/web/20260802111623/https://www.zeit.de/news/2026-08/01/wie-das-niedrigwasser-der-wirtschaft-zusetzt,"Deutschlands großen Flüssen Rhein, Elbe und Donau fehlt Wasser, ebenso wie vielen anderen Wasserläufen. Am Wochenende werden neue Tiefststände erwartet. Besserung ist vorerst nicht in Sicht - und die… [+5419 chars]",,Schifffahrt in Krisenzeiten: Wie das Niedrigwasser der Wirtschaft zusetzt. Hier finden Sie Informationen zu dem Thema „Schifffahrt in Krisenzeiten“. Lesen Sie jetzt „Wie das Niedrigwasser der Wirtschaft zusetzt“.,Shipping in times of crisis: How low water affects the economy. Here you will find information on the topic of “Shipping in times of crisis”. Read “How low water is affecting the economy” now.,"Shipping in temporibus discriminis: Quomodo aqua humilis oeconomiam afficit. Hic informationes invenies in argumento ""Shipping in temporibus discriminis"". Lege ""Quam humilis aqua oeconomiam afficit"" nunc.",2026-08-05 12:04:42+00:00
b8b5a36e872651c28d9461ff7f6c4b8a,2026-08-03T15:17:15Z,'Hochwasser',www.zeit.de,de,0.9,Wasserstraßen: Donauausbau soll bei Niedrig- und Hochwasser helfen,Hier finden Sie Informationen zu dem Thema „Wasserstraßen“. Lesen Sie jetzt „Donauausbau soll bei Niedrig- und Hochwasser helfen“.,https://www.zeit.de/news/2026-08/03/donauausbau-soll-bei-niedrig-und-hochwasser-helfen,https://img.zeit.de/news/2026-08/03/donauausbau-soll-bei-niedrig-und-hochwasser-helfen-image-group/wide__1300x731,http://web.archive.org/web/20260803152330/https://www.zeit.de/news/2026-08/03/donauausbau-soll-bei-niedrig-und-hochwasser-helfen,Der Donauausbau zwischen Deggendorf und Vilshofen soll im Herbst starten. Vorbereitende Arbeiten laufen bereits. Der neue Bundesverkehrsminister Steffen Bilger (CDU) unterstrich bei einem Besuch nahe… [+2301 chars],,Wasserstraßen: Donauausbau soll bei Niedrig- und Hochwasser helfen. Hier finden Sie Informationen zu dem Thema „Wasserstraßen“. Lesen Sie jetzt „Donauausbau soll bei Niedrig- und Hochwasser helfen“.,Waterways: Danube expansion should help with low and high water. Here you will find information on the topic of “Waterways”. Now read “Danube expansion should help with low and high water”.,"Fluminum: Danuvius expansio aquarum humilis et alta adiuvet. Hic informationes invenies in argumento "" Aquarum"". Nunc legitur ""Danube expansionem aqua humili et alta adiuvet"".",2026-08-05 12:04:42+00:00
b7b33ac63d7aca0664d4f57dd53d96db,2026-08-01T10:04:26Z,'Niedrigwasser',www1.wdr.de,de,0.9,Rekord-Niedrigwasser im Rhein belastet Binnenschifffahrt in NRW,<strong>Das Niedrigwasser im Rhein ist eine Herausforderung für die Binnenschifffahrt und eine finanzielle Belastung für Unternehmen. Welche Einschränkungen und Maßnahmen es gibt - und was die Pegelstände damit zu tun haben. </strong>,https://www1.wdr.de/nrw/rhein-niedrigwasser-wassertiefe-pegelstand-schifffahrt-100.html,https://images.tagesschau.de/image/5727bd75-54a5-4944-9bc5-162ab91b7fbe/AAABn7yuNsY/AAABnSSvrFg/16x9-big/wdr-frachtschiff-im-rhein-auf-grund-gelaufen-100.jpg?width=1280,http://web.archive.org/web/20260801221324/https://www1.wdr.de/nrw/rhein-niedrigwasser-wassertiefe-pegelstand-schifffahrt-100.html,"Stand: 01.08.2026 12:04 Uhr
Das Niedrigwasser im Rhein ist eine Herausforderung für die Binnenschifffahrt und eine finanzielle Belastung für Unternehmen. Welche Einschränkungen und Maßnahmen es gibt… [+5500 chars]",,Rekord-Niedrigwasser im Rhein belastet Binnenschifffahrt in NRW. <strong>Das Niedrigwasser im Rhein ist eine Herausforderung für die Binnenschifffahrt und eine finanzielle Belastung für Unternehmen. Welche Einschränkungen und Maßnahmen es gibt - und was die Pegelstände damit zu tun haben. </strong>,Record low water in the Rhine is putting a strain on inland shipping in North Rhine-Westphalia. <strong>The low water in the Rhine is a challenge for inland shipping and a financial burden for companies. What restrictions and measures there are - and what the water levels have to do with them. </strong>,Recordum aquae humilis Rheni iactare in naviculas mediterraneas in Rheno-Westphalia Septentrionali est. <strong>Aqua humilis Rheno provocatur ad naves mediterraneas et sarcinas pecuniarias pro societatibus. Quae sint restrictiones et mensurae - et quid aquae gradus ad eos pertinent. </strong>,2026-08-06 03:21:55+00:00
91f1d873f3091d9dcd412eaab39d767b,2026-08-01T03:31:43Z,'Niedrigwasser',www.tagesspiegel.de,de,0.9,Schifffahrt in Krisenzeiten: Wie das Niedrigwasser der Wirtschaft zusetzt,"Trockenheit, Sandbänke, Engstellen - Deutschlands Flüsse führen weniger Wasser als üblich. Historisch niedrige Wasserstände werden erreicht. Die Lage verdeutlicht, wie wichtig die Wasserläufe sind.",https://www.tagesspiegel.de/wirtschaft/schifffahrt-in-krisenzeiten-wie-das-niedrigwasser-der-wirtschaft-zusetzt-15904554.html,https://www.tagesspiegel.de/images/15904553/alternates/BASE_16_9_W1400/1785555103000/niedrigwasser-im-rhein.jpeg,http://web.archive.org/web/20260802021602/https://www.tagesspiegel.de/wirtschaft/schifffahrt-in-krisenzeiten-wie-das-niedrigwasser-der-wirtschaft-zusetzt-15904554.html,"Deutschlands großen Flüssen Rhein, Elbe und Donau fehlt Wasser, ebenso wie vielen anderen Wasserläufen. Am Wochenende werden neue Tiefststände erwartet. Besserung ist vorerst nicht in Sicht - und die… [+5469 chars]",,"Schifffahrt in Krisenzeiten: Wie das Niedrigwasser der Wirtschaft zusetzt. Trockenheit, Sandbänke, Engstellen - Deutschlands Flüsse führen weniger Wasser als üblich. Historisch niedrige Wasserstände werden erreicht. Die Lage verdeutlicht, wie wichtig die Wasserläufe sind.","Shipping in times of crisis: How low water affects the economy. Drought, sandbanks, bottlenecks - Germany's rivers carry less water than usual. Historically low water levels are reached. The location illustrates how important the watercourses are.","Shipping in temporibus discriminis: Quomodo aqua humilis oeconomiam afficit. Siccitas, syrtes, bottlenecks - Germaniae fluvii minus aquam quam solitum portant. Historice humilis aquae gradus perventum est. Locus illustrat quam magnae aquae ducendae sunt.",2026-08-06 07:44:51+00:00
663ef2339cb77089b412bf4354d214b0,2026-08-01T03:31:43Z,'Niedrigwasser',www.tagesspiegel.de,de,0.9,Schifffahrt bei Niedrigwasser: Pegelstände in Deutschlands Flüssen setzen der Wirtschaft zu,"Trockenheit, Sandbänke, Engstellen: Die Pegel in Deutschlands Flüssen fallen auf historisch niedrige Wasserstände. Die Lage verdeutlicht, wie wichtig die Wasserstraßen sind.",https://www.tagesspiegel.de/wissen/schifffahrt-in-krisenzeiten-wie-das-niedrigwasser-der-wirtschaft-zusetzt-15904554.html,https://www.tagesspiegel.de/images/15905405/alternates/BASE_16_9_W1400/1785654772000/niedrigwasser-am-rhein-koln.jpeg,http://web.archive.org/web/20260802092153/https://www.tagesspiegel.de/wissen/schifffahrt-in-krisenzeiten-wie-das-niedrigwasser-der-wirtschaft-zusetzt-15904554.html,"Den großen deutschen Flüssen Rhein, Elbe und Donau fehlt Wasser, ebenso wie vielen anderen Wasserläufen. Am Samstag wurden mancherorts neue Tiefststände erreicht.
Besserung ist wegen der andauernden… [+4780 chars]",,"Schifffahrt bei Niedrigwasser: Pegelstände in Deutschlands Flüssen setzen der Wirtschaft zu. Trockenheit, Sandbänke, Engstellen: Die Pegel in Deutschlands Flüssen fallen auf historisch niedrige Wasserstände. Die Lage verdeutlicht, wie wichtig die Wasserstraßen sind.","Shipping at low water levels: Water levels in Germany's rivers are affecting the economy. Drought, sandbanks, bottlenecks: the levels in Germany's rivers are falling to historically low water levels. The location shows how important the waterways are.","Naviculas aquaticas humiles: aquae gradus in fluminibus Germaniae oeconomiam afficiunt. Siccitas, syrtes, bottlenecks: gradus in Germaniae fluvii cadunt ad historice humilis aquae gradus. Locus ostendit quam magnae sint rivi.",2026-08-06 07:44:51+00:00
77cf643ae1371fb9bd2d1455cc555eb6,2026-08-01T06:40:00Z,'Niedrigwasser',www.focus.de,de,0.9,Niedrigwasser legt Knochen eines Riesen-Mammuts frei,Niedrige Wasserstände der Donau haben in Bulgarien die Überreste eines vermutlich mehrere Tausend Jahre alten Wollhaarmammuts freigelegt.,https://www.focus.de/wissen/natur/niedrigwasser-legt-knochen-eines-riesen-mammuts-frei_afdd436d-3b67-4d4e-b42b-41818a6d4aaa.html,"https://quadro.burda-forward.de/ctf/a1fa1ee6-7a2c-4519-9134-27571451d146.f1dbda87-bb24-4925-97c3-88fb838ea535.jpeg?im=RegionOfInterestCrop=(1200,630),regionOfInterest=(464,157)&hash=2826f5334ffb2dc82281b7e6b6f5223a0ba06da4cc92827eb338ed3e74aa7195",http://web.archive.org/web/20260802205624/https://www.focus.de/wissen/natur/niedrigwasser-legt-knochen-eines-riesen-mammuts-frei_afdd436d-3b67-4d4e-b42b-41818a6d4aaa.html,"Experten des Regionalhistorischen Museums in Russe untersuchen die Funde am Ufer nahe dem Dorf Ryahovo.
Stoßzähne und Knochen im Flussbett entdeckt
Bisher entdeckten die Forscher unter anderem eine… [+614 chars]",,Niedrigwasser legt Knochen eines Riesen-Mammuts frei. Niedrige Wasserstände der Donau haben in Bulgarien die Überreste eines vermutlich mehrere Tausend Jahre alten Wollhaarmammuts freigelegt.,Low tide reveals bones of a giant mammoth. Low water levels in the Danube have uncovered the remains of a woolly mammoth that is believed to be several thousand years old in Bulgaria.,"Humilis aestus mammoth gigantis ossa detegit. Gradus aquae inferioris in Danubio reliquias mammoth lanigeri detexerunt, quae in Bulgaria plus mille annorum esse creditur.",2026-08-06 07:44:51+00:00
fea1a1283e0044986bcafb18d4b39663,2026-08-01T08:27:12Z,'Niedrigwasser',www.faz.net,de,0.9,Rhein-Main-Liveblog: Gas statt Bremse: Rentner fährt in Nachbars Schlafzimmer,Ermittlungen wegen mutmaßlichen Sexualdelikts in Offenbach +++ Autodieb rennt in Gießen barfuß Polizisten davon +++ Nicht anfassen: Niedrigwasser macht Munitionsreste sichtbar +++ Liveblog zu Rhein-Main und Hessen,https://www.faz.net/aktuell/rhein-main/fulda-rentner-faehrt-mit-auto-ins-schlafzimmer-seines-nachbarn-aktuelle-nachrichten-aus-frankfurt-hessen-faz-19735361.html,https://media0.faz.net/image/w1200h627/10711b5f1a90/w3000h1567x0y354o/201210/431.0.45741756/in-diesem-fall-getunt.webp,http://web.archive.org/web/20260801124826/https://www.faz.net/aktuell/rhein-main/fulda-rentner-faehrt-mit-auto-ins-schlafzimmer-seines-nachbarn-aktuelle-nachrichten-aus-frankfurt-hessen-faz-19735361.html,"Offenbach. Die Polizei und Staatsanwaltschaft Darmstadt suchen Zeugen, um einen Zwischenfall in der Offenbacher Innenstadt aufzuklären. Es steht der Verdacht im Raum, dass in der Nacht zum Freitag me… [+454 chars]",,Rhein-Main-Liveblog: Gas statt Bremse: Rentner fährt in Nachbars Schlafzimmer. Ermittlungen wegen mutmaßlichen Sexualdelikts in Offenbach +++ Autodieb rennt in Gießen barfuß Polizisten davon +++ Nicht anfassen: Niedrigwasser macht Munitionsreste sichtbar +++ Liveblog zu Rhein-Main und Hessen,Rhein-Main live blog: Gas instead of brake: pensioner drives into neighbor's bedroom. Investigations into alleged sexual offenses in Offenbach +++ Car thief runs away from police officers barefoot in Gießen +++ Don't touch it: low water makes leftover ammunition visible +++ Live blog about Rhine-Main and Hesse,Rhein-Main vita blog: Gas pro fregit: evocatum agit in cubiculum proximi. Investigationes de assertis criminibus sexualibus in Offenbach +++ Car latronis ab apparitoribus nudis pedibus in Gießen +++ fugit Ne illud attingas: aqua humilis superaverat tela visibiles +++ Vive blog circa Rhenum-Main et Hassiam.,2026-08-06 07:44:51+00:00
c7e23d3a62dcfa96c1201dc4d3e4e664,2026-08-01T13:37:03Z,'Niedrigwasser',www.zeit.de,de,0.9,Trockenheit: Rhein-Niedrigwasser erreicht in Köln neuen Tiefststand,"Im Rhein ist der Wasserstand vielerorts sehr niedrig, in Köln wurde mit 68 Zentimetern ein neuer Tiefststand gemessen. Das hat auch Auswirkungen auf den Gütertransport.",https://www.zeit.de/gesellschaft/2026-08/niedrigwasser-rhein-koeln-pegel-kaub-binnenschifffahrt,https://img.zeit.de/gesellschaft/2026-08/niedrigwasser-rhein-koeln-pegel-kaub-binnenschifffahrt-foto-1/wide__1300x731,http://web.archive.org/web/20260802030533/https://www.zeit.de/gesellschaft/2026-08/niedrigwasser-rhein-koeln-pegel-kaub-binnenschifffahrt,Das Niedrigwasser am Rhein hat am Samstagmorgen in Köln einen neuen Tiefststand erreicht. Mit nur noch 68 Zentimeter wurde dort der bisherige Rekordwert aus dem Jahr 2018 unterschritten. Im Verlauf d… [+1012 chars],,"Trockenheit: Rhein-Niedrigwasser erreicht in Köln neuen Tiefststand. Im Rhein ist der Wasserstand vielerorts sehr niedrig, in Köln wurde mit 68 Zentimetern ein neuer Tiefststand gemessen. Das hat auch Auswirkungen auf den Gütertransport.",Drought: Rhine low water reaches new low in Cologne. The water level in the Rhine is very low in many places; a new low of 68 centimeters was measured in Cologne. This also has an impact on freight transport.,Siccitas: Rhenus humilis aqua nova Coloniam deprimit. Multis locis exaequata est aqua ad Rhenum; nova humilitas 68 centimetra Coloniae metiebatur. Hoc quoque ictum in onerariis feugiat est.,2026-08-06 07:44:51+00:00
280825002d028219c50daa38f8313dca,2026-08-02T03:00:16Z,'Niedrigwasser',www.zeit.de,de,0.9,Niedrigwasser: Krischer: Bund muss Geld für Fahrrinnen-Ausbau bereitstellen,Hier finden Sie Informationen zu dem Thema „Niedrigwasser“. Lesen Sie jetzt „Krischer: Bund muss Geld für Fahrrinnen-Ausbau bereitstellen“.,https://www.zeit.de/news/2026-08/02/krischer-bund-muss-geld-fuer-fahrrinnen-ausbau-bereitstellen,https://img.zeit.de/news/2026-08/02/krischer-bund-muss-geld-fuer-fahrrinnen-ausbau-bereitstellen-image-group/wide__1300x731,http://web.archive.org/web/20260803022147/https://www.zeit.de/news/2026-08/02/krischer-bund-muss-geld-fuer-fahrrinnen-ausbau-bereitstellen,"Angesichts des Niedrigwassers im Rhein hat der nordrhein-westfälische Verkehrsminister Oliver Krischer (Grüne) den Bund aufgefordert, das Geld für den weiteren Ausbau der Fahrrinne zwischen Duisburg … [+1555 chars]",,Niedrigwasser: Krischer: Bund muss Geld für Fahrrinnen-Ausbau bereitstellen. Hier finden Sie Informationen zu dem Thema „Niedrigwasser“. Lesen Sie jetzt „Krischer: Bund muss Geld für Fahrrinnen-Ausbau bereitstellen“.,Low water: Krischer: The federal government must provide money for fairway expansion. Here you will find information on the topic of “low water”. Now read “Krischer: Federal government must provide money for fairway expansion”.,"Minimum aqua: Krischer: Imperium foederati pecuniam pro mediocris expansione praebere debet. Hic informationes invenies in argumento ""aquae humilis"". Nunc lege ""Krischer: Imperium Foederatum pecuniam pro volvit dilatatione"".",2026-08-06 07:44:51+00:00
43eb64ef4c1cda9f9d5320fa9d5c6815,2026-08-02T06:25:05Z,'Niedrigwasser',www.n-tv.de,de,0.9,Kriegsflotte bremst Schifffahrt: Niedrigwasser legt Nazi-Wracks in serbischer Donau frei,"Am Ende des Zweiten Weltkriegs rücken sowjetische Truppen in Südosteuropa vor. Um ihren Vormarsch zu bremsen, gibt ein deutscher Admiral den Befehl, in der Donau mehrere Kriegsschiffe zu versenken. Der Plan geht auf - bis heute. Der niedrige Wasserstand legt …",https://www.n-tv.de/wissen/fundsache/Niedrigwasser-legt-Nazi-Wracks-in-serbischer-Donau-frei-id31150136.html,https://www.n-tv.de/img/31150135/1785659315/Img_16_9/1200/A-drone-view-shows-people-swimming-near-a-sunken-German-warship-from-World-War-II-exposed-due-to-low-Danube-River-levels-caused-by-drought-and-extreme-heat-in-Prahovo-Serbia-July-30-2026.jpg,http://web.archive.org/web/20260802220446/https://www.n-tv.de/wissen/fundsache/Niedrigwasser-legt-Nazi-Wracks-in-serbischer-Donau-frei-id31150136.html,"Anwohner von Prahovo schauen sich ein Wrack der Naziflotte an. (Foto: REUTERS)
Am Ende des Zweiten Weltkriegs rücken sowjetische Truppen in Südosteuropa vor. Um ihren Vormarsch zu bremsen, gibt ein … [+2992 chars]",,"Kriegsflotte bremst Schifffahrt: Niedrigwasser legt Nazi-Wracks in serbischer Donau frei. Am Ende des Zweiten Weltkriegs rücken sowjetische Truppen in Südosteuropa vor. Um ihren Vormarsch zu bremsen, gibt ein deutscher Admiral den Befehl, in der Donau mehrere Kriegsschiffe zu versenken. Der Plan geht auf - bis heute. Der niedrige Wasserstand legt …","War fleet slows down shipping: low water exposes Nazi wreckage in Serbian Danube. At the end of World War II, Soviet troops advance into southeastern Europe. In order to slow their advance, a German admiral gives the order to sink several warships in the Danube. The plan is working - until today. The low water level...","Classis belli naviculas retardat: aqua humilis Nazi naufragia in Danubio Serbico exponit. Finito bello mundano II, copiae Sovieticae in Europam australem procedunt. Ut progressum tardaret, Germanus praefectus classis multas naves longas in Danubio deprimit. Consilium laborat - usque hodie. Humilis aqua gradu...",2026-08-06 07:44:51+00:00
81b4ba372f2fbd0af5784cda17d84267,2026-08-02T07:18:13Z,'Niedrigwasser',www.tagesspiegel.de,de,0.9,Niedrigwasser in der Donau: Ungarn muss einziges Atomkraftwerk abschalten,Der historische Tiefstand der Donau hat schon zu Einschränkungen bei der Schifffahrt und der Rationierung von Wasser geführt. Jetzt wird auch das Atomkraftwerk Paks heruntergefahren – mit Folgen für die Wirtschaft.,https://www.tagesspiegel.de/internationales/niedrigwasser-in-der-donau-ungarn-muss-einziges-atomkraftwerk-abschalten-15906052.html,https://www.tagesspiegel.de/images/15906075/alternates/BASE_16_9_W1400/1785654480000/niedrige-wasserstande-der-donau.jpeg,http://web.archive.org/web/20260803114754/https://www.tagesspiegel.de/internationales/niedrigwasser-in-der-donau-ungarn-muss-einziges-atomkraftwerk-abschalten-15906052.html,Ungarn fährt sein einziges Atomkraftwerk Paks wegen des historischen Niedrigwassers der Donau erstmals seit fast einem halben Jahrhundert komplett herunter. Große Teile Europas sind von anhaltender H… [+1860 chars],,Niedrigwasser in der Donau: Ungarn muss einziges Atomkraftwerk abschalten. Der historische Tiefstand der Donau hat schon zu Einschränkungen bei der Schifffahrt und der Rationierung von Wasser geführt. Jetzt wird auch das Atomkraftwerk Paks heruntergefahren – mit Folgen für die Wirtschaft.,Low water in the Danube: Hungary has to shut down its only nuclear power plant. The historic low level of the Danube has already led to restrictions on shipping and water rationing. Now the Paks nuclear power plant is also being shut down - with consequences for the economy.,Humilis aqua in Danubio: Hungaria suam solam vim nuclearem plantae claudere habet. Historicus humilis campus Danuvii iam restrictiones navium et aquarum ratiocinationum duxit. Nunc Paks nuclei potentiae plantae etiam occlusus est - cum consequentibus pro oeconomia.,2026-08-06 07:44:51+00:00
719947299c51a196a4088b3501a0631e,2026-08-02T07:18:13Z,'Niedrigwasser',www.tagesspiegel.de,de,0.9,Niedrigwasser in der Donau: Ungarn schaltet einziges Atomkraftwerk ab – „zum ersten Mal seit 44 Jahren“,Der historische Tiefstand der Donau hat schon zu Einschränkungen bei der Schifffahrt und der Rationierung von Wasser geführt. Jetzt wird auch das Atomkraftwerk Paks heruntergefahren – mit Folgen für die Wirtschaft.,https://www.tagesspiegel.de/internationales/niedrigwasser-in-der-donau-ungarn-schaltet-einziges-atomkraftwerk-ab--zum-ersten-mal-seit-44-jahren-15906052.html,https://www.tagesspiegel.de/images/15906075/alternates/BASE_16_9_W1400/1785654480000/niedrige-wasserstande-der-donau.jpeg,,Ungarn fährt sein einziges Atomkraftwerk Paks wegen des historischen Niedrigwassers der Donau erstmals seit fast einem halben Jahrhundert komplett herunter. Große Teile Europas sind von anhaltender H… [+1860 chars],,Niedrigwasser in der Donau: Ungarn schaltet einziges Atomkraftwerk ab – „zum ersten Mal seit 44 Jahren“. Der historische Tiefstand der Donau hat schon zu Einschränkungen bei der Schifffahrt und der Rationierung von Wasser geführt. Jetzt wird auch das Atomkraftwerk Paks heruntergefahren – mit Folgen für die Wirtschaft.,Low water in the Danube: Hungary shuts down its only nuclear power plant – “for the first time in 44 years”. The historic low level of the Danube has already led to restrictions on shipping and water rationing. Now the Paks nuclear power plant is also being shut down - with consequences for the economy.,"Humilis aqua in Danubio: Hungaria suam solam vim nuclei plantae claudit - ""primum in 44 annis"". Historicus humilis campus Danuvii iam restrictiones navium et aquarum ratiocinationum duxit. Nunc Paks nuclei potentiae plantae etiam occlusus est - cum consequentibus pro oeconomia.",2026-08-06 07:44:51+00:00
afdc381dd6cdb69d56f281c72be46b6a,2026-08-02T09:09:52Z,'Niedrigwasser',www.zeit.de,de,0.9,Niedrigwasser: Weitere Rhein-Pegel sinken auf neues Rekordtief,Hier finden Sie Informationen zu dem Thema „Niedrigwasser“. Lesen Sie jetzt „Weitere Rhein-Pegel sinken auf neues Rekordtief“.,https://www.zeit.de/news/2026-08/02/weitere-rhein-pegel-sinken-auf-neues-rekordtief,https://img.zeit.de/news/2026-08/02/weitere-rhein-pegel-sinken-auf-neues-rekordtief-image-group/wide__1300x731,http://web.archive.org/web/20260803061601/https://www.zeit.de/news/2026-08/02/weitere-rhein-pegel-sinken-auf-neues-rekordtief,"Der Rhein-Pegel ist an weiteren Stellen in Nordrhein-Westfalen auf ein neues Rekordtief gesunken. Am Pegel Duisburg-Ruhrort wurde am Morgen ein Stand von 150 Zentimetern gemessen, wie aus den Daten d… [+568 chars]",,Niedrigwasser: Weitere Rhein-Pegel sinken auf neues Rekordtief. Hier finden Sie Informationen zu dem Thema „Niedrigwasser“. Lesen Sie jetzt „Weitere Rhein-Pegel sinken auf neues Rekordtief“.,Low water: Further Rhine levels are falling to a new record low. Here you will find information on the topic of “low water”. Now read “Further Rhine water levels are falling to a new record low”.,"Humilis aqua: ulteriora Rheni gradus ad novum testimonium iacent. Hic informationes invenies in argumento ""aquae humilis"". Nunc lege ""Aquae Rheni ulterioris gradus ad novum recordum humilem cadunt"".",2026-08-06 07:44:51+00:00
96c2020a70fe17e68a449ee435c20f94,2026-08-02T10:40:29Z,'Niedrigwasser',www.zeit.de,de,0.9,Niedrigwasser: Krisenstab soll sich um beeinträchtigte Schifffahrt kümmern,NRW-Verkehrsminister Oliver Krischer hat eine Einsatzgruppe für die Binnenschifffahrt gefordert. Besonders der Rhein und die Donau sind durch Niedrigwasser bedroht.,https://www.zeit.de/wissenschaft/umwelt/2026-08/niedrigwasser-rhein-donau-oliver-krischer-binnenschifffahrt-fahrrinne,https://img.zeit.de/wissenschaft/umwelt/2026-08/niedrigwasser-rhein-donau-oliver-krischer-binnenschifffahrt-fahrrinne-foto-1/wide__1300x731,http://web.archive.org/web/20260803041804/https://www.zeit.de/wissenschaft/umwelt/2026-08/niedrigwasser-rhein-donau-oliver-krischer-binnenschifffahrt-fahrrinne,"Der nordrhein-westfälische Verkehrsminister Oliver Krischer (Grüne) möchte eine nationale Einsatzgruppe aufbauen, um der Binnenschifffahrt angesichts des Niedrigwassers zu helfen. »Es sieht alles dan… [+703 chars]",,Niedrigwasser: Krisenstab soll sich um beeinträchtigte Schifffahrt kümmern. NRW-Verkehrsminister Oliver Krischer hat eine Einsatzgruppe für die Binnenschifffahrt gefordert. Besonders der Rhein und die Donau sind durch Niedrigwasser bedroht.,Low water: Crisis team should take care of impaired shipping. NRW Transport Minister Oliver Krischer has called for a task force for inland shipping. The Rhine and the Danube are particularly threatened by low water levels.,Humilis aqua: Crisis manipulus debet curam deminutae naviculae. NRW Transport Minister Oliver Krischer ad vim molis navigii mediterranei vocavit. Rhenus et Danuvius praecipue aquis humilibus campester imminent.,2026-08-06 07:44:51+00:00
2b318b19b71c22f51d508c4ba59e9551,2026-08-02T11:58:20Z,'Niedrigwasser',www.n-tv.de,de,0.9,"Niedrigwasser in Deutschland: NRW-Minister warnt vor ""verschärfter Lage"" für Binnenschifffahrt","Die Binnenschifffahrt auf den großen Flüssen kämpft mit den Wasserständen. Angesichts der schwierigen Lage verlangt NRW-Verkehrsminister Krischer ein nationales Krisentreffen - und eine nationale Taskforce, welche die Transportlage verbessern helfen soll.",https://www.n-tv.de/wirtschaft/NRW-Minister-warnt-vor-verschaerfter-Lage-fuer-Binnenschifffahrt-id31150661.html,https://www.n-tv.de/img/31150696/1785679082/Img_16_9/1200/ARCHIV-30-07-2026-Nordrhein-Westfalen-Duisburg-Am-Rhein-in-Duisburg-fahren-Schiffe-in-der-Fahrrinne-am-Ufer-sind-breite-Sandbaenke-sichtbar-die-bei-normalem-Wasserstand-unter-Wasser-sind.jpg,http://web.archive.org/web/20260802220451/https://www.n-tv.de/wirtschaft/NRW-Minister-warnt-vor-verschaerfter-Lage-fuer-Binnenschifffahrt-id31150661.html,"Niedrigwasser in DeutschlandNRW-Minister warnt vor ""verschärfter Lage"" für Binnenschifffahrt
Der Rhein in Duisburg: Am Ufer sind breite Sandbänke sichtbar, die bei normalem Wasserstand unter Wasser … [+2166 chars]",,"Niedrigwasser in Deutschland: NRW-Minister warnt vor ""verschärfter Lage"" für Binnenschifffahrt. Die Binnenschifffahrt auf den großen Flüssen kämpft mit den Wasserständen. Angesichts der schwierigen Lage verlangt NRW-Verkehrsminister Krischer ein nationales Krisentreffen - und eine nationale Taskforce, welche die Transportlage verbessern helfen soll.","Low water in Germany: NRW minister warns of “aggravated situation” for inland shipping. Inland shipping on the major rivers is struggling with water levels. In view of the difficult situation, NRW Transport Minister Krischer is calling for a national crisis meeting - and a national task force to help improve the transport situation.","Humilis aqua in Germania: minister NRW monet de ""statu aggravato"" pro naviculas mediterraneas. Intus navigia in maioribus fluminibus cum aquarum gradibus laborat. Perspecta difficili condicione, minister Krischer NRW onerariam vocat discrimen nationale foederis - et vim laboris nationalis ad meliorem condicionem onerariam adiuvandam.",2026-08-06 07:44:51+00:00
15bd7fda10ccec3fb19eb9b516d33eb3,2026-08-02T13:06:04Z,'Niedrigwasser',www.sueddeutsche.de,de,0.9,Hitzewelle: Niedrigwasser-Rekorde bei Rhein und Donau – weitere Gewitter erwartet,Der Rhein-Pegel ist an weiteren Stellen in Nordrhein-Westfalen auf ein neues Rekordtief gesunken.  Zum Wochenstart werden wieder Temperaturen über 30 Grad und Unwetter erwartet.,https://www.sueddeutsche.de/panorama/wetter-hitze-niedrigwasser-rhein-donau-gewitter-li.3522772,https://www.sueddeutsche.de/2026/08/02/30399e07-a3cf-4b78-99bb-6e1960fec9ee.jpg?q=60&fm=webp&width=1200&rect=0%2C209%2C4000%2C2250,http://web.archive.org/web/20260803070228/https://www.sueddeutsche.de/panorama/wetter-hitze-niedrigwasser-rhein-donau-gewitter-li.3522772,"Der an manchen Orten rekordniedrige Wasserstand der Donau bringt die Stromerzeuger in Österreich, Rumänien und Ungarn in die Bredouille. Wasser- und Kernkraftwerke müssen mangels Wasser die Produktio… [+2057 chars]",,Hitzewelle: Niedrigwasser-Rekorde bei Rhein und Donau – weitere Gewitter erwartet. Der Rhein-Pegel ist an weiteren Stellen in Nordrhein-Westfalen auf ein neues Rekordtief gesunken.  Zum Wochenstart werden wieder Temperaturen über 30 Grad und Unwetter erwartet.,"Heat wave: low water records on the Rhine and Danube - more thunderstorms expected. The Rhine level has fallen to a new record low in other places in North Rhine-Westphalia.  At the start of the week, temperatures over 30 degrees and storms are expected again.","Calor fluctus: humilis aqua in Rheno et Danuvio records - tonitribus magis expectatur. Rhenus campus ad novum recordum depressum in aliis locis in Rheno-Westphalia septentrionali cecidit.  Initio septimanae, temperaturae supra 30 gradus et procellas iterum expectantur.",2026-08-06 07:44:51+00:00
9648d14d9e0720f06ed40d64470006cc,2026-08-02T13:15:28Z,'Niedrigwasser',www.tagesspiegel.de,de,0.9,Historisches Niedrigwasser und anhaltende Trockenheit: Warum Deutschland das Wasser ausgeht – und was das kostet,An mehreren Pegeln an Rhein und Donau werden historische Tiefststände gemessen – mit drastischen Folgen für Natur und Wirtschaft. Doch die Bundesregierung bleibt untätig.,https://www.tagesspiegel.de/politik/historisches-niedrigwasser-und-anhaltende-trockenheit-warum-deutschland-das-wasser-ausgeht--und-was-das-kostet-15906908.html,https://www.tagesspiegel.de/images/15907128/alternates/BASE_16_9_W1400/1785674219000/niedrigwasser-im-rhein.jpeg,http://web.archive.org/web/20260803051155/https://www.tagesspiegel.de/politik/historisches-niedrigwasser-und-anhaltende-trockenheit-warum-deutschland-das-wasser-ausgeht--und-was-das-kostet-15906908.html,"Mitte Juli wählte Carsten Schneider (SPD) große Worte, um auf ein großes Problem aufmerksam zu machen. Wasser ist unsere wertvollste Ressource, sagte der Bundesumweltminister bei einer Veranstaltung … [+9 chars]",,Historisches Niedrigwasser und anhaltende Trockenheit: Warum Deutschland das Wasser ausgeht – und was das kostet. An mehreren Pegeln an Rhein und Donau werden historische Tiefststände gemessen – mit drastischen Folgen für Natur und Wirtschaft. Doch die Bundesregierung bleibt untätig.,Historic low water and persistent drought: Why Germany is running out of water - and what it costs. Historical lows are being measured at several water gauges on the Rhine and Danube - with drastic consequences for nature and the economy. But the federal government remains inactive.,His- humilis aqua et siccitas pertinax: Cur Germania ex aqua currit — et quid constat. Mugitus historicus pluribus aquis in Rheno et Danuvio metiuntur - cum asperior natura et oeconomia. Sed imperium foederati iners manet.,2026-08-06 07:44:51+00:00
a2eda1f7425f3ba64a6ef800cc417882,2026-08-02T15:18:16Z,'Niedrigwasser',www.sueddeutsche.de,de,0.9,SZ am Abend: Nachrichten vom 2. August 2026,"News aktuell: Ceuta, Niedrigwasser-Rekorde, abgesagte US-Angriffe auf Iran",https://www.sueddeutsche.de/politik/news-ceuta-eu-migration-pegelstand-rhein-donau-trump-angriffe-iran-li.3525373,https://www.sueddeutsche.de/2026/08/02/dae5abb6-97e4-49b6-9c40-688e70dcdf26.jpg?q=60&fm=webp&width=1200&rect=0%2C181%2C3500%2C1969,http://web.archive.org/web/20260802183900/https://www.sueddeutsche.de/politik/news-ceuta-eu-migration-pegelstand-rhein-donau-trump-angriffe-iran-li.3525373,Niedrigwasser-Rekorde bei Rhein und Donau. Der Rhein-Pegel ist an mehreren Stellen in Nordrhein-Westfalen auf ein Rekordtief gesunken. Auch die Donau hat an ihrem Unterlauf stellenweise nur ein Dritt… [+1241 chars],,"SZ am Abend: Nachrichten vom 2. August 2026. News aktuell: Ceuta, Niedrigwasser-Rekorde, abgesagte US-Angriffe auf Iran","SZ am Abend: News from August 2, 2026. Current news: Ceuta, low water records, canceled US attacks on Iran","SZ am Abend: Nuntii ab die 2 Augusti 2026. Current nuntium: Ceuta, tabulae aquae demissae, US impetus in Iran resignavit",2026-08-06 07:44:51+00:00
