day,sentiment_mean,sentiment_std,subjectivity_mean,subjectivity_std,counting
2025-08-01,-0.04170117893582726,0.5325496235765933,0.26673904930265846,1.3365282191152252,8.0
2025-08-02,0.2608022065188246,0.4901335104613105,-0.41388385824850465,0.15487089341629773,10.0
2025-08-03,0.5944251604257322,0.01990422609720914,-0.47580723779087897,0.07572811688075791,2.0
2025-08-04,-0.16576564141188266,1.125344542766996,0.9251780239519547,2.0430133768259053,5.0
2025-08-05,-0.052142036995003284,0.8677516690088993,0.5619835188708906,1.245834479476094,19.0
2025-08-06,0.41743567909300994,0.48545038688076864,0.15276341448734118,1.148673374937248,7.0
2025-08-07,1.1200326279210802,1.498411507042649,-0.18220679973127774,0.659562598773999,10.0
2025-08-08,0.14493130697864864,0.7866347954611099,0.4983752415254461,1.249742505574839,10.0
2025-08-09,-0.32518526267433917,0.37877498770474743,-0.002574336907709751,0.5935242697093827,2.0
2025-08-10,-0.11631613841650577,1.1288306574782783,0.3433852418276464,1.6662195969607139,12.0
2025-08-11,0.6470302891323575,1.1263257460809888,-0.0723915007512385,0.7724304593819363,14.0
2025-08-12,-0.3556142156040335,0.9345787293138085,-0.35843776082952494,0.5354279572606729,7.0
2025-08-13,0.26746358314938146,0.9732847593798202,0.2828028422810599,1.4607353580940314,9.0
2025-08-14,0.30791929208028396,1.3326309658525177,-0.09056038106273333,0.7752769597699278,19.0
2025-08-15,-0.11313763149605212,0.7316896500033347,-0.058023569098762814,0.8378655682532143,23.0
2025-08-16,0.4893124796696181,1.5715491556999637,0.07298850744852452,0.7428159938973711,8.0
2025-08-17,0.3084451357982586,0.5231577458203686,0.3362791132730617,1.6482128389964743,4.0
2025-08-18,0.3075328768106936,0.7768195567245346,0.22741022971782904,1.2499989357274621,31.0
2025-08-19,0.22723699286741283,1.0727099273155745,0.23143922753908128,1.6955358011112336,23.0
2025-08-20,0.4786844163537546,1.2667808263630402,-0.3091063488200038,0.4571056605955947,17.0
2025-08-21,0.17341233003900153,1.1352122236668851,0.4473956985412039,1.3368127369766816,14.0
2025-08-22,0.3655215261880696,1.2399926746981278,0.08823558880579004,0.6352722210153315,12.0
2025-08-23,0.05786350755891937,0.5772037816493862,0.1229813802810156,1.3583876202583924,10.0
2025-08-24,0.5288641034828647,1.0333865024719107,-0.14516905495058888,0.6946717257087647,16.0
2025-08-25,0.6123875238418505,1.2495593745103288,-0.08175859260423031,0.7122092388500293,30.0
2025-08-26,0.5570072226438066,0.7732419218067159,0.4568061011138737,1.5291154417692898,15.0
2025-08-27,0.041419733876899484,0.9073709491289375,-0.23014890562297596,0.6836672945413269,11.0
2025-08-28,0.09288586799598943,1.0624960631647145,-0.1276286832352035,0.7723681027750382,21.0
2025-08-29,-0.1927523974433834,0.936917498022457,0.08373584055643865,1.4086865133501385,32.0
2025-08-30,0.0654478481240442,1.1065162117500822,-0.059248654959450454,0.9792800188694313,13.0
2025-08-31,-0.15571372052484045,0.5904166595944286,-0.34320792413088674,0.4130120079152451,5.0
2025-09-01,0.12459472069756204,0.7673526291904934,0.12891261637891777,0.9614484077138642,15.0
2025-09-02,0.08146371486858633,0.8879746391561947,0.19162396357572808,0.9312918470603707,25.0
2025-09-03,0.34203968354628767,1.0621979753843338,-0.16995936650615667,0.6269559753895317,15.0
2025-09-04,0.24370181323667278,0.8225554542119335,-0.05532739175411253,0.7100594788236608,7.0
2025-09-05,0.13086125236044244,1.1140275114510383,0.05289930285261882,0.8774039423006594,12.0
2025-09-06,-0.2073781824881134,0.2121706171618123,0.04898031647557047,0.6664335597274614,2.0
2025-09-07,-0.04815592570478555,1.3320276237943278,-0.11747260040794098,0.7907785321182401,6.0
2025-09-08,0.012985304377994477,0.6986890132793033,0.28074773508806744,1.0896925180666712,10.0
2025-09-09,0.38630637030448617,1.1300433243350867,-0.06365702427289573,0.7282965732044805,20.0
2025-09-10,0.1751608174510953,1.75840610114361,-0.17253675719478614,0.8825800339071069,7.0
2025-09-11,-0.0060379956529323375,1.027928097741634,0.12943211180481531,0.8949807049048695,12.0
2025-09-12,0.0315083377167282,0.9205890114725118,-0.06846538622679334,0.7765131924581128,16.0
2025-09-13,-0.16466457374582297,0.888491960567048,-0.1815439883853503,0.7232193944498256,13.0
2025-09-14,-0.15277349380806654,0.7740153182296626,-0.02806548908080919,0.7618431096473558,26.0
2025-09-15,-0.38580199553759725,0.8081743749160291,-0.2581902853004573,0.6616522990258721,17.0
2025-09-16,-0.13897371358844499,1.7416181033321443,0.5983562938606476,1.3659248762500797,9.0
2025-09-17,0.3990060225148088,1.039916029994733,0.4484188112853609,1.0680202532977423,12.0
2025-09-18,0.4730973378078911,0.6053287878478424,0.5839248923262805,1.6581723569616196,15.0
2025-09-19,0.5785512084740639,0.7944706881203437,-0.16102106283117182,0.6380823237857932,27.0
2025-09-20,0.1810370457455154,1.078465390118395,0.12009294899789126,0.8787310328659115,15.0
2025-09-21,0.2906688041201583,0.8139507492193545,-0.14228296752397188,0.6606390865403611,16.0
2025-09-22,0.09049575754106153,0.8078629572815876,0.3343563306611614,1.5095695926702273,15.0
2025-09-23,0.11264483463469789,1.3674985889671283,-0.006770175202609268,0.9558013089932559,7.0
2025-09-24,0.1250940375484287,0.818244240656806,0.6562092268310731,1.4856734264169904,9.0
2025-09-25,0.6508079101405243,1.0057924214169336,0.1632631160622186,1.3631055130152838,9.0
2025-09-26,0.11580257810241282,0.8255052687959467,0.14335642554981332,1.2903108278628646,9.0
2025-09-27,0.08271060157471893,0.7434591486935794,0.2363382439453179,1.2339749364378307,9.0
2025-09-28,-0.12061168447763707,0.9372498811811604,-0.09725643177390253,0.8988023431624836,17.0
2025-09-29,0.1697140617208945,0.9060288377247241,0.3243094655158709,1.3728012725482082,11.0
2025-09-30,0.18660368520633666,1.108916606723918,0.1677277409123282,1.0283096020284832,14.0
2025-10-01,0.3474377809096203,0.8008281383801718,0.9833251283175963,1.5839894501854712,20.0
2025-10-02,0.2427648020965443,1.052489703251806,0.1176166380573549,1.1941878491347095,14.0
2025-10-03,0.21972873525324468,0.4802097087835629,-0.1976532853651504,0.7247453753072242,17.0
2025-10-04,-0.48665422419235627,0.8200366615284671,-0.3706586504266004,0.5765784865040321,13.0
2025-10-05,-0.18813866883811572,1.0362179690134443,-0.27217452507724743,0.6200769591320497,35.0
2025-10-06,0.6721024783947636,0.8918779889962001,-0.32680355774542796,0.43528987216069254,12.0
2025-10-07,-0.07629379278090179,1.1167176897449647,0.411731881490762,0.6591744382932448,8.0
2025-10-08,1.1801170780063424,1.1356044578360132,0.5213538567689202,1.8583352314893757,3.0
2025-10-09,0.2897959572510106,0.8371316076728788,0.2050637349979826,1.5337444004777425,11.0
2025-10-10,0.40100537178062895,1.167530893349743,0.5037771474720983,1.5110658211672532,7.0
2025-10-11,0.16317619110993278,1.0454136265733658,0.10343508007606915,1.0038564575723314,19.0
2025-10-12,0.5976213298405965,1.1225539303965804,0.335182686355983,1.2062607127517513,12.0
2025-10-13,0.3078386909674967,1.087372824246596,0.39379197541298716,1.1039095720847405,17.0
2025-10-14,-0.397622115540361,0.5970989984431874,0.6015722010219835,1.0325352223117232,9.0
2025-10-15,-0.23864256916205098,0.7440335206420904,-0.3710175465851114,0.48122437217749947,12.0
2025-10-16,0.4342809388188831,0.5588255167138614,-0.16044121027164635,0.5446605172183488,12.0
2025-10-17,0.35835913013753157,1.0932284297243966,-0.059822465077913486,0.6728595232684667,13.0
2025-10-18,-0.043795220135724004,0.7789753860608036,0.0035999481764485124,0.8272380487466778,16.0
2025-10-19,0.4068604071022342,1.0496500487369727,0.7094382185437668,1.8539015161128762,11.0
2025-10-20,-0.18517400010841298,0.9614123030338807,-0.16640270056571013,0.7112938095118603,10.0
2025-10-21,-0.014906180437980303,1.0219679114974447,0.15961775991819868,1.0188977936197159,17.0
2025-10-22,-0.009159806686027862,0.8158850017198331,-0.4185244433314229,0.32641680717701055,16.0
2025-10-23,-0.5881224629852135,1.4625371720063298,-0.12309240077582283,1.2222570705376863,31.0
2025-10-24,-0.42424841755444076,0.8311539811933584,-0.12633912772436853,0.9213814398433299,23.0
2025-10-25,-0.33318998856774584,1.2497020543007158,-0.08582971584352798,0.9341033039552207,28.0
2025-10-26,-0.17073097398914114,0.6479090383809972,-0.04227315327982097,0.8691486323334735,22.0
2025-10-27,0.08954923190065461,0.5944969166955959,-0.12286443866889123,0.7826968797689321,27.0
2025-10-28,0.21047778535878958,1.009361394450535,-0.36020706745007963,0.49954965699296583,15.0
2025-10-29,-0.2318109312475662,1.1085365400513028,-0.0026541280142592808,1.1523094065197956,13.0
2025-10-30,0.29392823932444906,0.5737964699855386,-0.4851462816651206,0.19033226559112848,8.0
2025-10-31,-0.2549325067133952,0.9193314645723568,-0.3660217410576778,0.5409627484430601,27.0
2025-11-01,0.5879424334579184,1.6641211832155098,-0.4222593728180076,0.0,2.0
2025-11-02,0.37387976611835655,1.071063257965114,-0.2230762743572744,1.01705003708413,12.0
2025-11-03,0.20700166794792516,1.3396941808041605,-0.11399450366185968,0.6503665323368975,15.0
2025-11-04,0.16065004014830522,0.9858390394880427,0.28669307579229825,1.4315560431982088,17.0
2025-11-05,-0.10588477073622492,0.9738087590498524,0.5174823338515385,1.254106215181086,13.0
2025-11-06,-0.23785844898549954,1.0068356808135828,-0.5610440492760475,0.13473530489647056,6.0
2025-11-07,0.47475590163509607,0.8361148267674673,-0.26446125302038703,0.46016847860216215,5.0
2025-11-08,-0.034423702211475254,1.224697148723699,0.3272476129135597,1.6169154028583927,10.0
2025-11-09,-0.16165265494063294,0.9090086610132226,0.08367660918703335,0.9111532499724095,15.0
2025-11-10,0.18931529869075706,0.6885015524738942,-0.15079241852846476,0.6821631248373855,11.0
2025-11-11,-0.0848033138936197,0.9480840893795583,-0.12301015271117641,0.9546126513127488,15.0
2025-11-12,0.3308795280032781,1.0254096905567522,-0.23472780369677843,0.5714402780646078,14.0
2025-11-13,0.5923951857207894,0.7534191420754006,0.04728221138667621,0.9201757660785296,18.0
2025-11-14,-0.12166700441036846,0.5713966332655013,-0.377273239522897,0.40002073740340616,9.0
2025-11-15,-0.2634398428221154,1.8897286688573638,-0.3794531628221956,0.44321738319604687,19.0
2025-11-16,0.7739819662640959,1.2709808116692118,0.23141898138180975,1.0602067207112391,16.0
2025-11-17,-0.1316748127576514,0.9676038550753411,0.07452588700887937,1.371013627509247,19.0
2025-11-18,-0.44973993388555555,1.2116040150987395,-0.1585398811798668,0.6831991546146718,18.0
2025-11-19,-0.1814068872191866,0.7898845087244304,0.07879473863718908,0.8881459639111003,10.0
2025-11-20,0.20480679575351074,0.9784292752515377,-0.40785015395863167,0.2877878338540823,15.0
2025-11-21,-0.14879149459675933,0.8463327990262514,0.38111623495913677,1.4618530132097332,15.0
2025-11-22,0.05476277060480135,1.0195403602444675,-0.04497294525429239,0.6884564576920813,29.0
2025-11-23,-0.010976909084381724,1.024069277749619,-0.3289438890442586,0.4550813454574442,22.0
2025-11-24,-0.4864618396633481,1.109222942126151,-0.0883732895374328,0.7344428663451531,46.0
2025-11-25,-0.4254243240265346,0.8864007550706451,-0.12895135765772414,0.6668536946527267,22.0
2025-11-26,0.2974092321197007,0.9936010019227602,0.06519266757297847,1.0308082313645166,21.0
2025-11-27,-0.6124913898503609,0.5296758165190927,0.1258266257520022,0.9356642689959197,12.0
2025-11-28,0.1270245175808128,1.0556962527120581,0.14227986579895807,1.7823734139055893,18.0
2025-11-29,-0.005046215764602802,0.9373266132217615,-0.28148542462920045,0.6616286172121025,10.0
2025-11-30,0.06805892543830373,0.8578261060251712,0.19075935230578414,1.157288085911803,6.0
2025-12-01,-0.12351360460199257,0.296916729694316,-0.3441493216139266,0.2987716420286882,4.0
2025-12-02,0.033668441648347494,0.6958144174523478,0.08120689999106205,0.8689791756213431,10.0
2025-12-03,-0.6645815473512482,0.7423529300907119,0.6331442513058423,1.2520952077993668,7.0
2025-12-04,0.11592823156123491,1.314097916850835,-0.14872221395033264,0.9731886393222997,21.0
2025-12-05,0.015868448910023057,0.9467406368420354,-0.08787716302781172,0.7623733776347714,15.0
2025-12-06,-0.05735090032446106,1.0,-0.4222593728180076,1.0,1.0
2025-12-07,-0.11977835473015885,0.46449940521047617,-0.42539450741711693,0.4759169309396873,10.0
2025-12-08,0.15563305375917755,0.5332761502780831,-0.4721888761201411,0.10407956349367191,7.0
2025-12-09,0.0063542687987909255,0.6411133832947113,0.19262562053992338,1.33295926155151,8.0
2025-12-10,0.09606662106327477,0.8037657030864037,0.9176766182919008,1.9147312860459962,8.0
2025-12-11,-0.2554347452700236,0.8724871080134091,-0.2044016527276664,0.6363725556168447,12.0
2025-12-12,-0.19272438844683676,0.838419063579123,-0.2655674899521393,0.7502233743956263,7.0
2025-12-13,-0.1140684203454887,1.2397092359039747,0.8133779500310307,0.2250620751884833,3.0
2025-12-14,0.6663483905443033,1.0841433208863869,-0.26777524862438457,0.37774338429657495,2.0
2025-12-15,0.21391461251141314,1.0419259485364367,0.1401750491278332,1.0387557043387414,14.0
2025-12-16,0.45076711523838786,1.0,-0.5293551027637503,1.0,1.0
2025-12-17,-0.040305337895487264,0.8496579298576598,-0.10839754571398796,1.0618719542597588,35.0
2025-12-18,0.44657420197679976,0.8586254005027097,-0.198508080578478,0.6119496104526911,11.0
2025-12-19,0.028429870662097706,0.6353762560775363,0.32059671575352927,1.9015508720902414,6.0
2025-12-20,0.030517289071195906,0.41108044488691964,-0.1759453058484317,0.5958191608458495,8.0
2025-12-21,-0.39480851412007434,0.9158866568782676,0.10803745860358993,0.8323616571380931,14.0
2025-12-22,0.49813015287551377,0.9552654182883767,-0.4900739964038469,0.08333592084344883,7.0
2025-12-23,0.03250758982561085,0.44900051058026774,0.3821602233467397,1.2554490894481232,7.0
2025-12-24,0.1842322624323042,0.9445199765454885,0.986180441971257,1.6467122164486216,12.0
2025-12-25,0.03543120718833705,0.40090136924089825,-0.487197830286609,0.07769544010039282,4.0
2025-12-26,0.20391827873299664,0.75994533242498,0.139181025874517,1.2758380459371401,19.0
2025-12-27,-0.22131356314144876,1.1295439861002001,0.4171086847137744,1.0857347603612735,23.0
2025-12-28,-0.4103126174511661,1.0084954520485905,-0.4032142635758481,0.3284855927214321,10.0
2025-12-29,-0.3394041735405534,0.6208608779585002,-0.37497268512466214,0.5063026127302047,15.0
2025-12-30,-0.10092647195413665,0.3345097188394462,0.14895231940667358,0.9208873163110726,14.0
2025-12-31,-0.3752841640977394,0.45782089147708005,-0.5362400216663682,0.10696389534522531,3.0
2026-01-01,-0.19438401606278652,0.9777423794253974,0.3022003270828638,0.9792302674174613,7.0
2026-01-02,-0.044381223306394504,0.8986814163725053,-0.29352404819733857,0.5821071327465405,33.0
2026-01-03,-0.017372132783042334,0.8820243117890169,0.20152391205380019,1.0833880674102452,44.0
2026-01-04,0.06480092550937533,1.0959227204336155,0.23094195589005861,1.259846331247311,11.0
2026-01-05,-0.32864711148709413,0.8307818711255243,0.08026721902047315,0.7499561579367433,13.0
2026-01-06,-0.37375155558592543,0.5285298681819123,-0.06953731281437014,0.8205415331580466,13.0
2026-01-07,-0.10825231994136945,1.0351035249287996,-0.1067605463227324,1.2578817282284274,20.0
2026-01-08,-0.10953984580201306,0.9192230941603433,-0.04596390981769887,1.1000633521761511,66.0
2026-01-09,-0.012205820750530191,1.0913093350975855,0.03732712005798552,0.9434189755255346,45.0
2026-01-10,-0.29141472380347644,1.1819598812345422,-0.030129167353736913,0.8238505129752085,27.0
2026-01-11,-0.14735968154789375,1.1027338582174455,-0.032769115385127716,0.7331729508120755,29.0
2026-01-12,-0.2405189764935963,0.9454493872890074,-0.2760069099017739,0.4952016439789625,36.0
2026-01-13,-0.19498086006916915,0.9250668500864301,0.1656632987301864,1.0675303561938871,56.0
2026-01-14,0.005024190515988269,1.3328619711802505,0.1566461481082682,0.9463770239786157,15.0
2026-01-15,0.4080516590908901,0.8295709599197676,-0.10685142773737076,0.6956306481186004,8.0
2026-01-16,-0.22095890857342462,0.7322684580309803,0.1974305597839501,1.6046388220043264,9.0
2026-01-17,0.6534044672493796,0.8471961250193817,-0.21369277028839956,0.37314438303094527,7.0
2026-01-18,-0.16007663378008352,0.45710265185420623,0.7135505704475545,0.8496346179200789,15.0
2026-01-19,0.2957448600738078,0.8740539964616356,-0.1415279906512684,0.7083015971726828,22.0
2026-01-20,0.09004950839145345,0.8990342366369556,-0.5177173071292487,0.08614379802522602,8.0
2026-01-21,-0.6302656551753755,0.8880847839877916,-0.1142180895947905,0.6118910898894646,3.0
2026-01-22,-0.11608400810482278,0.7501914247719627,0.42459940883959263,1.2415782075592152,17.0
2026-01-23,0.48066779185243685,0.8275872152406676,0.06455233178906972,1.1397854170624193,15.0
2026-01-24,-0.2337684131823796,0.719084294237099,0.30719474083941667,1.6944228923314542,9.0
2026-01-25,-0.038298536342884,1.2292984652650294,-0.44976986773914657,0.053463807635413016,14.0
2026-01-26,-0.24002125182359485,1.0832727809883322,0.06978565593543631,1.0685421952136929,49.0
2026-01-27,-0.21710647993500173,1.3906693192031356,-0.23410637846489107,0.6434115609374953,15.0
2026-01-28,-0.029856471917603624,0.5167625736605352,-0.3112238168359092,0.45714429902204423,11.0
2026-01-29,-0.25574760581818273,0.690286359155735,0.07637042481748976,0.9539012858320467,10.0
2026-01-30,0.14255996364650358,0.7503311681664981,0.29195411176632224,1.1991192008933529,26.0
2026-01-31,-0.025181617790511732,1.1870887361356486,0.3099231030489948,0.9958733798199045,9.0
2026-02-01,-0.056866396589409125,1.0261282279001005,-0.12390935087390072,0.6677722224223791,9.0
2026-02-02,0.005280182788821592,0.756948254040196,-0.3495491282229077,0.5726484673025086,9.0
2026-02-03,-0.40157890196068263,0.8781240713467673,-0.1380370241590526,1.010881606402518,22.0
2026-02-04,-0.2576287079840849,1.0388485781268164,0.1079827533873175,0.9404965384008487,22.0
2026-02-05,-0.4202258829524008,0.9868021419791839,-0.42066924641207476,0.3348826399297771,34.0
2026-02-06,-0.2978997974097856,1.2598744619624231,0.13437379298581953,1.288370788620415,17.0
2026-02-07,-0.01564688463865054,1.0897440669944372,-0.047125716360835734,0.8159665259777408,17.0
2026-02-08,0.09941556011572196,0.7466742935383813,-0.11623386427060835,0.681518125748381,11.0
2026-02-09,-0.23134553188304907,1.1084366783164512,-0.30952385191573617,0.6153448860472815,10.0
2026-02-10,0.2840361692498099,1.118347025997398,-0.17425903297210335,1.0701365127070728,22.0
2026-02-11,-0.03715372963893692,0.6945476863659747,-0.10901293751174992,0.9920375155463821,13.0
2026-02-12,-0.02337945016584337,0.9111588850676099,-0.031009183880241837,0.8511378841177384,21.0
2026-02-13,-0.05509889911335113,1.3318922055854694,-0.4266861318268639,0.27607273039895586,25.0
2026-02-14,-0.24199808072119017,0.8643467175572168,0.4156239819019699,1.9405640665279118,21.0
2026-02-15,-0.28959512667329684,0.9539451573529155,-0.0351255603480002,1.0726196130609569,29.0
2026-02-16,-0.20087881394696308,0.8769579217060012,-0.12474230988979698,0.8552937509874088,29.0
2026-02-17,-0.24504066820520015,0.632052265423661,0.2524659290045812,0.9714426810029089,34.0
2026-02-18,-0.3562593945603861,0.996347036222508,-0.24140094599682957,0.9117204314588478,24.0
2026-02-19,0.10613985757987869,0.9211895094496049,0.16718172234408454,1.0771338846437883,32.0
2026-02-20,-0.18590644246286916,0.7177462402343744,-0.1694371063580621,0.9964869438648557,30.0
2026-02-21,-0.08890112064252782,0.5931798868188946,0.07841922521516664,0.9314598572909404,21.0
2026-02-22,-0.07503939219745309,0.9485956558740624,-0.011571499095347,1.100318886787903,32.0
2026-02-23,-0.1965931500141407,0.8696981353417405,-0.20470566354626854,0.9966069126805754,27.0
2026-02-24,-0.3034253088680455,0.7155119281655513,-0.4400234397486205,0.4585436369666021,19.0
2026-02-25,0.06547115180461512,1.0682419697902292,-0.01684874160092973,1.116402245866756,42.0
2026-02-26,0.2494754149129962,1.0581618411754163,0.6675653788643017,1.2284042516943645,19.0
2026-02-27,0.41904279409293055,1.128596853320609,0.49463762546799284,1.2456709175313094,19.0
2026-02-28,-0.031724646669916014,1.5162224213574775,0.22679462040560647,0.9430484635286277,10.0
2026-03-01,-0.24611878275348184,0.6579420004169224,-0.5409636106371277,0.10215645084857158,9.0
2026-03-02,-0.050169578516187995,1.0208347792688817,-0.2082290866610393,0.7511965377966312,10.0
2026-03-03,0.07055680035105304,1.106409898880972,0.13955629683193008,1.0859556655326192,14.0
2026-03-04,0.0693773843479491,0.9006134422458607,-0.05019784955184511,0.9622979007241719,13.0
2026-03-05,0.03164873859826184,0.8290486072664341,-0.14174298783707143,0.7059529795205617,21.0
2026-03-06,0.8839102013148269,1.0176641875388832,-0.07752263281446384,0.6891818757295481,7.0
2026-03-07,0.2737633778481569,1.1005867173353767,-0.03667181649228954,0.9760323559701728,4.0
2026-03-08,-0.17001580620616075,1.0438860603643558,-0.16529966596862447,0.8042534607515952,13.0
2026-03-09,-0.025778966805811918,0.5889946109465901,0.3426856288915341,1.793411000716629,12.0
2026-03-10,-0.08213595364747364,0.8153807738824883,-0.09146943821658912,0.8303178303317273,22.0
2026-03-11,-0.22714898199417277,0.5110056614657311,0.6540525042063732,0.9805478330223782,10.0
2026-03-12,0.1963570806579008,1.0929720777044718,-0.26765972004980704,0.6052007776298762,11.0
2026-03-13,-0.20065011205748906,1.2775403947791653,-0.14919404249962684,1.0276799000383967,14.0
2026-03-14,-0.1699781871921582,1.0328790006760793,0.08257594646550026,1.0247740707820268,33.0
2026-03-15,0.2058716501699019,0.5939952335894118,-0.24553668914828322,0.630711179922569,22.0
2026-03-16,-0.12761851714958428,0.6952464204945832,0.43724669494649,1.2239316436967385,25.0
2026-03-17,0.47167609712810593,0.823494710318965,-0.1763137765185708,0.9683320677096955,12.0
2026-03-18,0.37427136614429185,0.6911332336020631,0.30588322969753295,1.3525800689976095,14.0
2026-03-19,0.8267600952265628,0.5918311719459116,1.27328052031547,2.5004867853301893,5.0
2026-03-20,0.2502269068817716,0.9679275737609644,-0.11444890338585183,0.972265622287551,21.0
2026-03-21,0.9175619149203574,1.4265023770053489,0.11523458502000168,1.1361544775087449,3.0
2026-03-22,-0.10157834675508208,0.9058608903436205,0.3627517620647697,1.2346451885540008,15.0
2026-03-23,0.588184102793764,0.8359851815493162,-0.5427869163582006,0.12900977733735158,7.0
2026-03-24,-0.04936803319665958,0.6273509091638407,-0.50598645125455,0.07458759413190243,17.0
2026-03-25,-0.41020932929290765,0.6092913043397432,-0.22224383372497436,0.6406808125671228,19.0
2026-03-26,-0.06649643140976057,1.0512147268575096,-0.5079409799962981,0.07513256062078169,11.0
2026-03-27,-0.015826749091618436,0.5651947899054053,0.08265509715499592,1.2375535014230512,6.0
2026-03-28,-0.21523535398804255,0.6956603303895585,-0.12815761271511955,0.6490617795124087,7.0
2026-03-29,-0.3189559206311395,0.9305315615189811,0.01854857278906536,0.9689255982922773,7.0
2026-03-30,-0.14030289711079677,0.9131792240257611,0.541123296309017,1.1497909670642015,12.0
2026-03-31,-0.11616555884642829,1.2276931907380877,-0.2601238213130724,0.5066751076685261,13.0
2026-04-01,-0.5231261299456131,0.8319364377989492,-0.3846682910292355,0.30920134400980737,9.0
2026-04-02,-0.6117917751552664,0.9571057119878981,-0.4327051358361459,0.3835070238541817,7.0
2026-04-03,-0.12017129841703443,0.11454825812017265,0.08804190976329006,0.7205233003401651,6.0
2026-04-04,-0.8814938924940748,0.8218178701996388,-0.17200724523729213,0.5121113752320777,3.0
2026-04-05,-0.7385175417702973,1.0603414996169045,-0.46185527708013896,0.06858211795364462,3.0
2026-04-06,0.611430866745677,0.7969192293652707,0.31697668197685364,1.3196703329414554,10.0
2026-04-07,-0.18740396287787453,0.9637876805300116,1.0432822918289328,1.8590340018144365,12.0
2026-04-08,0.05964693593194669,1.2306446490362635,-0.07819476748189748,0.7235271232334746,17.0
2026-04-09,0.030958178088157505,0.7972905726231632,-0.09678177847406576,0.665188843346957,13.0
2026-04-10,0.02289450871071264,0.9091330508042617,-0.1644460971878426,1.0813926680440706,13.0
2026-04-11,0.2942421325597517,1.2026755244986815,-0.5233481387069758,0.13247174995903596,5.0
2026-04-12,-0.031632058417319364,1.0189928254271274,-0.13836314109998704,0.6954423699445752,4.0
2026-04-13,0.8496515291557128,0.8912728802579212,-0.1499720872991338,1.08611600811887,12.0
2026-04-14,-0.9408523565941568,1.1107023704766563,-0.4228733017907236,0.10425949978919974,4.0
2026-04-15,-0.49139299759977123,0.6952959280234587,0.1609110528702236,0.8096547586681831,15.0
2026-04-16,0.40805125622689903,1.0828386382902047,0.3174958572117374,1.3419820054428226,19.0
2026-04-17,-0.28666543395709154,1.0846016507230078,-0.5057161277175435,0.06971693114500509,6.0
2026-04-18,0.11411739772489748,1.0649412397553468,-0.33349132655432195,0.46753834175233516,9.0
2026-04-19,-0.5794835858366905,0.9293563390135258,-0.4601100164392494,0.05254930590404318,8.0
2026-04-20,0.19897105830264247,1.423928915946991,0.4173484044299946,1.180118064550042,19.0
2026-04-21,0.2152420881289344,1.0111016900205618,-0.03841441244552597,0.9174764097834416,22.0
2026-04-22,-0.35897026488849165,1.132774867869365,0.6737077360468223,1.426383382968119,9.0
2026-04-23,-0.07001191143420295,0.1398688678301751,-0.5726525757803005,0.08736942641134868,2.0
2026-04-24,0.9092323397492154,0.9959933064554406,-0.6344320896641442,0.0,2.0
2026-04-25,-0.4044603504290508,1.0773238608137323,-0.5417628188383787,0.061779513883843666,4.0
2026-04-26,0.12036879334381326,0.27975329006670857,0.8844208360082908,1.3545895134028954,5.0
2026-04-27,-0.32922116196136336,0.8486892746837764,-0.14527902435097476,0.8312231565577993,18.0
2026-04-28,0.6240362308329468,1.179920180448769,-0.28867977758344493,0.6575275567409125,14.0
2026-04-29,0.12430508107271238,1.047607557666972,0.3596160491131484,1.3395761223462135,19.0
2026-04-30,0.25056943370443735,0.6619455256433076,0.22697598010563302,1.1381957648721992,22.0
2026-05-01,0.22601963739509964,0.7566822901467709,0.14623129768193557,1.722705480539564,18.0
2026-05-02,0.48409649259190024,1.0722596434629246,-0.35207341187301594,0.49529626103799373,14.0
2026-05-03,0.01288096030714079,0.9333171669723176,-0.0492733372272372,0.9221508119164099,17.0
2026-05-04,0.29387597579184926,1.2604226776339142,0.49047896274735214,1.8007332476246054,7.0
2026-05-05,0.10288903626819187,0.5368335418242234,0.12158992338170545,1.2884224517077807,20.0
2026-05-06,-0.3677695435411306,0.9012477214719347,0.215469256367742,1.0770239755267539,17.0
2026-05-07,-0.055866278039054466,1.0252182943581358,0.21043381765816133,1.0979603694986464,15.0
2026-05-08,0.17570114118471178,0.8075976254714484,-0.406054614553416,0.35591955097289285,14.0
2026-05-09,0.25662503196524505,0.6633811861363115,-0.020729758661073336,0.849373666091447,11.0
2026-05-10,0.07028046366344391,0.5186438530823128,-0.15962511171020416,0.7618185636147168,14.0
2026-05-11,0.13357892048394654,0.8718935258527557,0.5603489045596362,2.0916121350488086,10.0
2026-05-12,-0.22364848998573084,1.0667943315005524,-0.02564513474328143,1.0667085328231192,30.0
2026-05-13,-0.6743686525578032,0.9375779102320833,-0.14317180884960223,0.728174677029209,27.0
2026-05-14,0.2997470930003768,1.1914821698590514,-0.16205803159333523,0.6299733599121666,13.0
2026-05-15,-0.261080107922192,0.6610394518240321,-0.3667016848028997,0.41357385448823486,11.0
2026-05-16,-0.6099128434680537,1.3454791018977135,-0.05494162821620343,0.7985515195985612,6.0
2026-05-17,-0.24151128003867453,1.125608417486806,0.16570461585112214,1.0623350367727178,23.0
2026-05-18,0.3211799042929245,0.742470939045757,-0.02583137507387617,0.9568688147036066,17.0
2026-05-19,0.2671529250438471,1.0419054693976721,0.2729542897780938,1.012182988659901,8.0
2026-05-20,0.22908132067429135,1.1124270283712039,-0.07114502003977467,0.7383914997487732,14.0
2026-05-21,0.09718638316184858,1.1874030807980325,0.4187425376388035,1.5260776568022505,6.0
2026-05-22,0.4377083344251231,0.6531353857004919,0.1484680385813292,1.0285312966991786,6.0
2026-05-23,0.6442046140490455,0.6626100508209641,-0.19225872079956716,0.7965688501998811,5.0
2026-05-24,0.7325763198281919,1.6778950494032279,-0.5016497264263727,0.09205464075159975,10.0
2026-05-25,0.6150968543779307,1.0248392927827927,0.11184251097139145,1.183159724243497,8.0
2026-05-26,0.16900723872798487,1.1191287505820011,-0.25301803120190747,0.6510680308005826,16.0
2026-05-27,0.4985179292915792,0.6348709855752559,0.049861961077463525,1.2532648386613237,6.0
2026-05-28,-0.07917612065034524,0.7981791993431853,0.4605945117355412,1.4217699624405862,13.0
2026-05-29,0.39652982229866796,1.307359015904168,-0.08484215746729047,0.915927802529707,24.0
2026-05-30,0.2550070660524812,1.3050361288141574,0.06292532022215105,0.7907378561416195,8.0
2026-05-31,-0.24624883069370024,1.2445003578822764,-0.450217861250035,0.04804536352392541,7.0
2026-06-01,-0.1055422720435256,0.6994097430045547,0.19383280199400177,1.0922899018425307,12.0
2026-06-02,0.15413496144246105,1.0577667065887695,-0.1990965276075193,0.5246589637809252,12.0
2026-06-03,-1.1075149062162042,0.9962460439277069,-0.28860302759134243,0.44970055422265304,8.0
2026-06-04,-0.15926433878456095,0.5424131878512561,-0.45985961787165314,0.1578414084367089,14.0
2026-06-05,0.4953742788386654,0.8445027543166614,-0.06037818272087436,1.0615616478474938,16.0
2026-06-06,0.19625250542862388,1.1701649661581714,0.16689249478793713,1.1736552007476309,17.0
2026-06-07,-0.22541860216679913,1.2852918789960202,-0.4888009918017203,0.291417035427572,16.0
2026-06-08,0.12469628104425831,0.8572428904884437,-0.31083904393456957,0.7454233564644296,16.0
2026-06-09,0.000835167845823184,0.4787374964009926,-0.1521645282685321,0.7446452261349743,9.0
2026-06-10,0.7602847909405321,0.6353079315827294,-0.028477638255848856,0.70884766422886,9.0
2026-06-11,-1.122766755035693,1.1537700909030078,-0.21038057788731093,0.7206651634058128,16.0
2026-06-12,0.4805969846273104,0.890595856349945,0.5794254668197806,1.3614877242143348,16.0
2026-06-13,0.10594316949873164,0.6828568099328168,-0.342499574117472,0.38139047922277525,10.0
2026-06-14,-0.20830976618701538,1.6838103816170107,-0.4434217780660307,0.1813575168337378,3.0
2026-06-15,0.03729002463755782,1.6835853410094916,-0.050128493415124084,0.7061107552025854,11.0
2026-06-16,0.6720441746842636,1.265100418896217,-0.12916084351317952,0.7191863431562575,20.0
2026-06-17,0.4869952932696649,0.6940055169384634,-0.39302069450751925,0.27719275431992924,6.0
2026-06-18,0.688952252109559,1.2292485757615794,0.23092809472035997,1.863483201758814,9.0
2026-06-19,-0.1423055890423413,0.8197563636698604,-0.3171056126691799,0.5543149147352583,17.0
2026-06-20,-0.30526591156472005,0.9441763781986751,-0.3004333593301285,0.4970196067481964,23.0
2026-06-21,-0.6161163229467255,1.0922010425937918,-0.26096110961683316,0.9151107087460792,17.0
2026-06-22,0.34213478190208746,0.8677267886708621,0.21432648424790374,1.5069159520164677,9.0
2026-06-23,0.2958928383546096,0.7841006925097027,-0.12131387481723901,0.6450182004398438,15.0
2026-06-24,0.1664687495939172,0.6464478791981443,0.6792961293608523,1.6815338815476761,12.0
2026-06-25,0.6807900803323926,0.3970875366864627,0.08268037731746909,0.8328038880152617,8.0
2026-06-26,0.23378661000711248,1.2964801460220938,-0.21534369954565014,0.6247228658212005,13.0
2026-06-27,0.18697025916573606,0.8746751485295111,-0.14162124144698202,0.44133714804833096,8.0
2026-06-28,-0.32186671973770054,0.8530726013698974,0.34083119020952035,1.224973697695439,11.0
2026-06-29,-0.00478761264019577,0.9546278604983403,-0.05682993654672819,0.8566907118910958,18.0
2026-06-30,-0.3243594944402361,0.958214204493399,-0.28229803565037354,0.4321758042530608,18.0
2026-07-01,-0.7191967036917151,1.326927339660657,-0.027983361032028635,0.98401337538001,8.0
2026-07-02,-0.3714939252043543,1.1290582337589257,-0.18668882079867544,0.7600737044893467,8.0
2026-07-03,-0.13485256947995813,1.1657744405451576,-0.10416454033704842,0.9961969622228719,17.0
2026-07-04,-0.23971450269238037,1.576252655491393,-0.2385012124062575,0.832113445896289,8.0
2026-07-05,-0.2989909140011439,0.9466860188680498,-0.12157096249143026,0.790465934379842,18.0
2026-07-06,-0.4468386119859127,0.6746125055213713,0.012017275283674836,0.7521892190528242,3.0
2026-07-07,-0.31779887528550216,0.9651262466443722,-0.027016341262664806,0.7522234346114033,8.0
2026-07-08,-0.6874894854301942,0.42539709812738513,-0.26500021957403486,0.4555837625712672,4.0
2026-07-09,-0.4421008237325628,1.0695291287501985,-0.1880489910174529,0.44232858768523015,9.0
2026-07-10,0.15918645998061537,1.170222409907102,-0.17054908090899715,0.828558414524359,12.0
2026-07-11,0.5262501369057738,0.6665452135142577,0.19966752785723715,1.4181305518183633,10.0
2026-07-12,-0.005844876509220522,0.8133629862528509,0.2873507917271464,1.412623093495859,9.0
2026-07-13,0.004080868791886089,1.0266476369921635,-0.2829837437914361,0.61743755951114,25.0
2026-07-14,0.24493435199878205,1.029719959396911,-0.13834149238890064,0.9154909376502206,23.0
2026-07-15,-0.1699566174780193,1.1087874463990801,-0.18156863303768073,0.859785617742295,38.0
2026-07-16,-0.32342303752085994,0.9071588756010202,-0.16965596056620116,0.5278681017448784,36.0
2026-07-17,-0.3138035757597241,1.0305822500736799,-0.12421939719766144,0.9651385086473117,20.0
2026-07-18,0.4993693610223107,0.6674500539352637,0.58758798051078,1.3352854478045002,20.0
2026-07-19,0.326440763677847,0.8413799593791548,0.09033744196940305,1.2456775111893374,10.0
2026-07-20,-0.013446902695155728,0.8255563103892717,0.17420986109625541,0.8817038544779697,8.0
2026-07-21,0.7939515672764965,1.217419105136212,-0.25438535845388843,0.3753777077739465,5.0
2026-07-22,-0.07050369115154669,0.7515700377541996,-0.334382131387922,0.563823189551291,12.0
2026-07-23,-0.0987264094509166,1.2788053152410794,-0.07020535606107495,0.6932713705777646,14.0
2026-07-24,0.22260437200898384,1.0216908594621696,0.0005060962362749555,0.7410595659650592,12.0
2026-07-25,0.3766699890012664,1.2780461713333424,-0.008096401087000113,0.6912046042810086,6.0
2026-07-26,0.11854771232800351,0.6829359927472523,-0.04933836943621043,0.9844310621877401,10.0
2026-07-27,-0.4974698962133666,0.3769773781927925,0.4722398300703257,1.313730379860003,6.0
2026-07-28,-0.11310654682111189,0.8678830547181442,0.0010047156751235064,1.0432510873235452,25.0
2026-07-29,-0.3288306696042917,0.7959715452454412,0.16612056775592077,1.3577018102416725,18.0
2026-07-30,0.2760448749779747,0.8894678564898661,-0.211763963567508,0.7681353478714067,19.0
2026-07-31,0.034520857443521485,0.8171121086931334,0.07735214016166517,1.0392893733013093,17.0
2026-08-01,-0.0638078463655754,0.8627957408700556,-0.0602880628344798,0.9780280329161132,18.0
2026-08-02,0.057613356130806315,0.5763844714712661,-0.22626074141512853,0.7681826913625727,14.0
2026-08-03,-0.24076957802898827,0.8532186541358127,-0.2802970713127136,0.37085133457248987,16.0
2026-08-04,-0.30443732610921886,1.0025454887965541,-0.030629730447089474,0.8774450778954324,13.0
2026-08-05,-0.3036667801274122,0.9520423566853081,0.5730103137940368,1.4784109046716958,18.0
2026-08-06,-0.20750605226154353,0.7327402235508066,0.5241361838147182,1.5321588594920035,14.0
2026-08-07,-0.184325847335086,0.6916516163847098,0.25469431583556545,0.9678648985621545,10.0
2026-08-08,-0.11696285131053742,1.1088049784082514,-0.05259794393701635,0.9255649977870724,17.0
2026-08-09,0.26122122536057935,1.1316964279876696,-0.3924644627162032,0.18916129656301234,9.0
2026-08-10,-0.05178372741893609,0.9359862503667973,0.28568286958943895,1.1446453100353935,20.0
2026-08-11,-0.20959045860658473,0.7191601504245237,0.37208154458405857,1.1606482674258076,29.0
2026-08-12,0.29702083095004544,0.6271914820120729,0.6567011794314106,1.697438057681496,6.0
2026-08-13,0.8534354071738683,1.3514273398093837,-0.04908313289069181,0.6829995661524794,17.0
2026-08-14,-0.26743353658140606,1.0815729910312333,-0.1084625081429433,0.8667337116384163,27.0
2026-08-15,0.13769521038971105,0.977537120110411,0.1367799233576182,0.9985132004747981,10.0
2026-08-16,0.2980682743767584,1.0889212866317215,-0.4597996342816213,0.06502164018439896,3.0
2026-08-17,0.2891250013677371,1.226504171392435,0.17834447092033637,0.8798777657912837,9.0
2026-08-18,-0.7088509252586415,1.1303665423342844,0.24657369403319898,1.1639714941401669,20.0
2026-08-19,-0.22429391151968975,0.9811647009610862,-0.1405772077601061,0.6301082935042855,9.0
2026-08-20,-0.30691943548635836,0.7439578660898563,-0.40129984333429747,0.392805518057905,17.0
2026-08-21,-0.05735090032446106,1.0,-0.4222593728180076,1.0,1.0
2026-08-23,2.67565616040091,1.0,-0.4222593728180076,1.0,1.0
2026-08-24,0.2736043690860769,0.6721580040228899,0.09283750617743163,1.265699496111568,5.0
2026-08-25,-0.4045762510603173,1.618933097934982,1.2018621288455795,2.0050704490035653,3.0
2026-08-26,-0.2547347435990712,0.5582858163045581,-0.42225937281800763,0.0,5.0
2026-08-27,0.18146916589810308,0.7384102953066098,-0.5125062177435543,0.14930746769689401,8.0
2026-08-28,0.006988915545365051,1.0281138089193693,-0.3943970903610791,0.34613480645785044,11.0
2026-08-29,-1.8793556074747084,1.0,-0.4222593728180076,1.0,1.0
2026-08-30,0.5756305616056532,0.44532952501500084,2.298202324733912,0.9659150085070748,3.0
2026-08-31,0.05899422419244926,2.390540212844882,0.29077528588322865,1.24805382132781,2.0
2026-09-02,0.22836503994985743,1.1001293662403562,0.46259088166996865,1.5326055978634257,3.0
2026-09-03,1.218052394680712,1.0,1.4270874603407084,1.0,1.0
2026-09-04,0.15909114079906472,1.0119719621992715,-0.024497018655368383,1.13873909636181,11.0
2026-09-05,-0.9845725638849894,1.0,-0.6519869198126864,1.0,1.0
2026-09-06,0.9546256578599768,1.2658146369058982,0.05182587387268251,1.3173266022692671,6.0
2026-09-07,0.17039968806931982,0.32208797094493735,-0.4222593728180076,0.0,2.0
